2022-09-21,Bhargava Sana,glossary.md
2022-09-21,Bhargava Sana,Working_with_vehicle_re_identification_data_in_project_level_traffic_forecasting.md
2022-09-21,Bhargava Sana,Windowing_with_OD_table_estimation_from_traffic_counts_in_project_level_traffic_forecasting.md
2022-09-21,Bhargava Sana,Webinars_and_Videos.md
2022-09-21,Bhargava Sana,Washington_State_Comprehensive_Tolling_Study_Volume_1_Final_Report.md
2022-09-21,Bhargava Sana,Visitor_surveys.md
2022-09-21,Bhargava Sana,Vine_building.md
2022-09-21,Bhargava Sana,Version_Control.md
2022-09-21,Bhargava Sana,Vehicle_mix_refinements_in_project_level_traffic_forecasting.md
2022-09-21,Bhargava Sana,Vehicle_Ownership_Models.md
2022-09-21,Bhargava Sana,Vehicle_Counts.md
2022-09-21,Bhargava Sana,Validating_Input_Data.md
2022-09-21,Bhargava Sana,Utility.md
2022-09-21,Bhargava Sana,Using_policy_to_affect_travel_behavior.md
2022-09-21,Bhargava Sana,User_benefits_in_project_level_traffic_forecasting.md
2022-09-21,Bhargava Sana,User_Equilibrium.md
2022-09-21,Bhargava Sana,Urban_and_metropolitan_models.md
2022-09-21,Bhargava Sana,Urban_Data.md
2022-09-21,Bhargava Sana,Urban_Big_Data.md
2022-09-21,Bhargava Sana,UrbanDataResources.md
2022-09-21,Bhargava Sana,Two_Lane_Highways.md
2022-09-21,Bhargava Sana,Twin_Cities_HOV_Study_Final_Report.md
2022-09-21,Bhargava Sana,Turning_movement_refinements_in_project_level_traffic_forecasting.md
2022-09-21,Bhargava Sana,Trip_interchange.md
2022-09-21,Bhargava Sana,Trip_distribution.md
2022-09-21,Bhargava Sana,Trip_based_models.md
2022-09-21,Bhargava Sana,Trip_Generation.md
2022-09-21,Bhargava Sana,Trend_models_in_project_level_traffic_forecasting.md
2022-09-21,Bhargava Sana,Travel_surveys.md
2022-09-21,Bhargava Sana,Travel_survey_data.md
2022-09-21,Bhargava Sana,Travel_model_curriculum.md
2022-09-21,Bhargava Sana,Travel_behavior.md
2022-09-21,Bhargava Sana,Travel_Time_Speed_and_Reliability_Data.md
2022-09-21,Bhargava Sana,Travel_Forecasting_for_the_Capital_Investment_Grant_Program.md
2022-09-21,Bhargava Sana,Travel_Forecasting_Results_Report.md
2022-09-21,Bhargava Sana,Travel_Demand_and_Network_Model_Integration_Schemas.md
2022-09-21,Bhargava Sana,Travel_Behaviour_A_review_of_recent_literature.md
2022-09-21,Bhargava Sana,Travel_Behavior_of_Diverse_Populations.md
2022-09-21,Bhargava Sana,Travel_Behavior_Resources.md
2022-09-21,Bhargava Sana,Transportation_secure_data_center.md
2022-09-21,Bhargava Sana,Transportation_networks.md
2022-09-21,Bhargava Sana,Transportation_Elasticities_How_Prices_and_Other_Factors_Affect_Travel_Behavior.md
2022-09-21,Bhargava Sana,Transit_onboard_surveys.md
2022-09-21,Bhargava Sana,Transit_networks.md
2022-09-21,Bhargava Sana,Transit_mode_combinations.md
2022-09-21,Bhargava Sana,Transit_dwell_time.md
2022-09-21,Bhargava Sana,Transit_crowding.md
2022-09-21,Bhargava Sana,Transit_Vehicles.md
2022-09-21,Bhargava Sana,Transit_Route_Frequency.md
2022-09-21,Bhargava Sana,Transit_Route.md
2022-09-21,Bhargava Sana,Transit_Path_Parameters.md
2022-09-21,Bhargava Sana,Transit_Network_Service_Determination.md
2022-09-21,Bhargava Sana,Transit_Network_Assignment.md
2022-09-21,Bhargava Sana,Transit_Fares.md
2022-09-21,Bhargava Sana,Transit_Data.md
2022-09-21,Bhargava Sana,Traffic_simulation_models.md
2022-09-21,Bhargava Sana,Traffic_microsimulation_in_project_level_traffic_forecasting.md
2022-09-21,Bhargava Sana,Traffic_dynamics_in_project_level_traffic_forecasting.md
2022-09-21,Bhargava Sana,Traffic_Data.md
2022-09-21,Bhargava Sana,Traffic_Analysis_Zone.md
2022-09-21,Bhargava Sana,Toward_a_dynamic_model_of_individual_activity_pattern_formulation.md
2022-09-21,Bhargava Sana,Tour_based_models.md
2022-09-21,Bhargava Sana,Tour_based_and_supply_chain_modeling_for_freight.md
2022-09-21,Bhargava Sana,Topic_Circles.md
2022-09-21,Bhargava Sana,Tolling_and_Public_Private_Partnerships_in_Texas_Separating_Myth_from_Fact.md
2022-09-21,Bhargava Sana,Time_of_Day_Factoring.md
2022-09-21,Bhargava Sana,The_Transportation_Planning_Process_Key_Issues.md
2022-09-21,Bhargava Sana,The_Chicago_Area_Transportation_Study_Creating_the_First_Plan_1955_1962_.md
2022-09-21,Bhargava Sana,The_ARC_and_SACOG_Experience_with_Activity_Based_Models_Synthesis_and_Lessons_Learned.md
2022-09-21,Bhargava Sana,Temporal_resolution_in_project_level_traffic_forecasting.md
2022-09-21,Bhargava Sana,Temporal_refinements_and_directional_split_refinements_in_project_level_traffic_forecasting.md
2022-09-21,Bhargava Sana,Temporal_data.md
2022-09-21,Bhargava Sana,T_PICS_Transportation_Project_Impact_Case_Studies.md
2022-09-21,Bhargava Sana,TRANSIMS.md
2022-09-21,Bhargava Sana,TMIP_Activity_Based_Model_Webinar_Series_Instructor_Manual.md
2022-09-21,Bhargava Sana,TMIP.md
2022-09-21,Bhargava Sana,TCRP_Synthesis_63.md
2022-09-21,Bhargava Sana,TCRP_Report_95_Chapter_14_Road_Value_Pricing_Traveler_Response_to_Transportation_System_Changes.md
2022-09-21,Bhargava Sana,TCRP_Report_95_Chapter_13_Parking_Pricing_and_Fares_Traveler_Response_to_Transportation_System_Changes.md
2022-09-21,Bhargava Sana,TCRP_Report_95_Chapter_12_Transit_Pricing_and_Fares_Traveler_Response_to_Transportation_System_Changes.md
2022-09-21,Bhargava Sana,Synthetic_populations_review_of_the_different_approaches.md
2022-09-21,Bhargava Sana,Subarea_focusing_in_project_level_traffic_forecasting.md
2022-09-21,Bhargava Sana,Style_Guide.md
2022-09-21,Bhargava Sana,Strategic_Models.md
2022-09-21,Bhargava Sana,Stochastic_Traffic_Assignment.md
2022-09-21,Bhargava Sana,Stepwise_Model_Calibration_Validation.md
2022-09-21,Bhargava Sana,Statewide_models.md
2022-09-21,Bhargava Sana,Statewide_Models_Trip_based_Models.md
2022-09-21,Bhargava Sana,Statewide_Models_Special_Models.md
2022-09-21,Bhargava Sana,Statewide_Models_ODME_Models.md
2022-09-21,Bhargava Sana,Statewide_Models_Activity_based_Models.md
2022-09-21,Bhargava Sana,Statewide_Modeling_Subcommittee_ADA10_2_.md
2022-09-21,Bhargava Sana,Statewide_Modeling_Case_Studies.md
2022-09-21,Bhargava Sana,Statewide_Freight_Modeling.md
2022-09-21,Bhargava Sana,Stated_preference_surveys.md
2022-09-21,Bhargava Sana,Speed_and_travel_time_refinements_in_project_level_traffic_forecasting.md
2022-09-21,Bhargava Sana,Special_reporting_requirements_in_project_level_traffic_forecasting.md
2022-09-21,Bhargava Sana,Spatial_interaction_models.md
2022-09-21,Bhargava Sana,Spatial_data.md
2022-09-21,Bhargava Sana,Solution_Algorithm.md
2022-09-21,Bhargava Sana,Software_Development_For_Travel_Modeling.md
2022-09-21,Bhargava Sana,Software.md
2022-09-21,Bhargava Sana,Smoothing_in_project_level_traffic_forecasting.md
2022-09-21,Bhargava Sana,Skim_Matrix.md
2022-09-21,Bhargava Sana,Sketch_planning_models.md
2022-09-21,Bhargava Sana,Screenline_refinements_in_project_level_traffic_forecasting.md
2022-09-21,Bhargava Sana,Scenario_sensitivity_testing_in_project_level_traffic_forecasting.md
2022-09-21,Bhargava Sana,Scenario_Forecasting_for_Travel_Demand_Modeling.md
2022-09-21,Bhargava Sana,Safety_Data.md
2022-09-21,Bhargava Sana,Safety_Analysis.md
2022-09-21,Bhargava Sana,STOPS.md
2022-09-21,Bhargava Sana,SR_288_Metropolitan_Travel_Forecasting_Current_Practice_and_Future_Direction.md
2022-09-21,Bhargava Sana,SHRP2_C04_Improving_Our_Understanding_of_How_Highway_Congestion_and_Pricing_Affect_Travel_Demand.md
2022-09-21,Bhargava Sana,SFCTA_s_Experience_Using_its_SF_CHAMP_Activity_Based_Model.md
2022-09-21,Bhargava Sana,SFCTA_Paper_incorporating_crowding.md
2022-09-21,Bhargava Sana,Response_bias.md
2022-09-21,Bhargava Sana,Resources.md
2022-09-21,Bhargava Sana,Representations_of_Decision_Making_Behavior_in_Travel_Modeling.md
2022-09-21,Bhargava Sana,Reports.md
2022-09-21,Bhargava Sana,Reporting_of_reasonable_bounds_on_forecast_values_in_project_level_traffic_forecasting.md
2022-09-21,Bhargava Sana,Regulatory_framework_for_metropolitan_modeling.md
2022-09-21,Bhargava Sana,Regression_Analysis.md
2022-09-21,Bhargava Sana,Refining_vehicle_class_forecasts_for_evaluation_in_project_level_traffic_forecasting.md
2022-09-21,Bhargava Sana,Refining_speeds_for_evaluation_in_project_level_traffic_forecasting.md
2022-09-21,Bhargava Sana,README.md
2022-09-21,Bhargava Sana,Quality_assurance_and_validation_standards_in_project_level_traffic_forecasting.md
2022-09-21,Bhargava Sana,Purpose_of_project_level_travel_forecasting.md
2022-09-21,Bhargava Sana,Puget_Sound_Regional_Council.md
2022-09-21,Bhargava Sana,Public_transport_transit_modeling.md
2022-09-21,Bhargava Sana,Project_level_traffic_forecasting.md
2022-09-21,Bhargava Sana,Project_level_forecasting_process.md
2022-09-21,Bhargava Sana,Pricing_and_valuation.md
2022-09-21,Bhargava Sana,Pricing_and_Travel_Time_Reliability_Enhancements_in_the_SANDAG_Activity_Based_Travel_Model_Final_Report.md
2022-09-21,Bhargava Sana,Prerequisites_for_travel_modeling.md
2022-09-21,Bhargava Sana,Population_Synthesis_For_Microsimulating_Travel_Behavior.md
2022-09-21,Bhargava Sana,Population_Synthesis.md
2022-09-21,Bhargava Sana,Policy_relevance_of_transportation_models.md
2022-09-21,Bhargava Sana,Polaris.md
2022-09-21,Bhargava Sana,Plausibility_Assessment_of_a_Travel_Forecast.md
2022-09-21,Bhargava Sana,Pivoting_with_select_link_analysis_for_small_developments_in_project_level_traffic_forecasting.md
2022-09-21,Bhargava Sana,Pedestrian_Route_Choice.md
2022-09-21,Bhargava Sana,Pavement_design_in_project_level_traffic_forecasting.md
2022-09-21,Bhargava Sana,Path_Finding_Algorithm.md
2022-09-21,Bhargava Sana,Path_Choice_Mode_choice_Consistency.md
2022-09-21,Bhargava Sana,Parking_surveys.md
2022-09-21,Bhargava Sana,Origin_Destination.md
2022-09-21,Bhargava Sana,Ordered_Response_Models.md
2022-09-21,Bhargava Sana,Open_Matrix_Format.md
2022-09-21,Bhargava Sana,Open_Data_Sources.md
2022-09-21,Bhargava Sana,Open_Code_Directory.md
2022-09-21,Bhargava Sana,Online_Travel_Survey_Manual.md
2022-09-21,Bhargava Sana,On_Board_Transit_Survey.md
2022-09-21,Bhargava Sana,OD_table_refinements_in_project_level_traffic_forecasting.md
2022-09-21,Bhargava Sana,New_Starts.md
2022-09-21,Bhargava Sana,Network_assignment.md
2022-09-21,Bhargava Sana,National_guidelines_for_use_in_project_level_traffic_forecasting.md
2022-09-21,Bhargava Sana,NCTCOG_Path_Towards_Advanced_Analytical_Tools.md
2022-09-21,Bhargava Sana,NCHRP_Synthesis_406_Advanced_Practices_in_Travel_Forecasting_A_Synthesis_of_Highway_Practice.md
2022-09-21,Bhargava Sana,NCHRP_Report_765.md
2022-09-21,Bhargava Sana,NCHRP_775_Applying_GPS_Data_to_Understand_Travel_Behavior.md
2022-09-21,Bhargava Sana,Multiple_Discrete_Continuous_Extreme_Value_MDCEV_Model.md
2022-09-21,Bhargava Sana,Multi_resolution_models.md
2022-09-21,Bhargava Sana,Modeling_Uncertainty.md
2022-09-21,Bhargava Sana,Modelers.md
2022-09-21,Bhargava Sana,Model_validation_plans.md
2022-09-21,Bhargava Sana,Model_integration.md
2022-09-21,Bhargava Sana,Model_estimation_software.md
2022-09-21,Bhargava Sana,Model_estimation.md
2022-09-21,Bhargava Sana,Model_calibration_and_validation.md
2022-09-21,Bhargava Sana,Model_calibration.md
2022-09-21,Bhargava Sana,Model_Validation_and_Reasonableness_Checking_Validation_Plan.md
2022-09-21,Bhargava Sana,Model_Validation_and_Reasonableness_Checking_Time_Of_Day.md
2022-09-21,Bhargava Sana,Model_Validation_and_Reasonableness_Checking_Temporal_And_Sensitivity.md
2022-09-21,Bhargava Sana,Model_Validation_and_Reasonableness_Checking_Tables.md
2022-09-21,Bhargava Sana,Model_Validation_and_Reasonableness_Checking_Socioeconomic_Models.md
2022-09-21,Bhargava Sana,Model_Validation_and_Reasonableness_Checking_Model_Inputs.md
2022-09-21,Bhargava Sana,Model_Validation_and_Reasonableness_Checking_Mode_Choice.md
2022-09-21,Bhargava Sana,Model_Validation_and_Reasonableness_Checking_Introduction.md
2022-09-21,Bhargava Sana,Model_Validation_and_Reasonableness_Checking_Figures.md
2022-09-21,Bhargava Sana,Model_Validation_and_Reasonableness_Checking_Documentation.md
2022-09-21,Bhargava Sana,Model_Validation_and_Reasonableness_Checking_Distribution.md
2022-09-21,Bhargava Sana,Model_Validation_and_Reasonableness_Checking_Assignment.md
2022-09-21,Bhargava Sana,Model_Validation_and_Reasonableness_Checking_Amount_Of_Travel.md
2022-09-21,Bhargava Sana,Model_Validation_and_Reasonableness_Checking.md
2022-09-21,Bhargava Sana,Model_Transferability.md
2022-09-21,Bhargava Sana,Model_Improvement_Plan.md
2022-09-21,Bhargava Sana,Model_Data_Management.md
2022-09-21,Bhargava Sana,Mode_choice.md
2022-09-21,Bhargava Sana,Mode_Choice_Behavior.md
2022-09-21,Bhargava Sana,Modal_hierarchy.md
2022-09-21,Bhargava Sana,Measures_of_effectiveness_and_performance_measures_in_project_level_traffic_forecasting.md
2022-09-21,Bhargava Sana,Maryland_Statewide_Transportation_Model.md
2022-09-21,Bhargava Sana,Markov_Models.md
2022-09-21,Bhargava Sana,Market_Segmentation.md
2022-09-21,Bhargava Sana,MPO_model_documentation.md
2022-09-21,Bhargava Sana,Long_range_transportation_plan.md
2022-09-21,Bhargava Sana,Long_distance_Travel.md
2022-09-21,Bhargava Sana,Location_Based_Services_Data.md
2022-09-21,Bhargava Sana,List_of_Model_User_Groups.md
2022-09-21,Bhargava Sana,Linear_models_with_explanatory_variables_in_project_level_traffic_forecasting.md
2022-09-21,Bhargava Sana,Limited_role_of_judgment_in_project_level_traffic_forecasting.md
2022-09-21,Bhargava Sana,Limitations_in_classic_constraint_based_approaches.md
2022-09-21,Bhargava Sana,Land_use_transport_modeling.md
2022-09-21,Bhargava Sana,Land_use_transport_model_types.md
2022-09-21,Bhargava Sana,Land_use_models_in_project_level_traffic_forecasting.md
2022-09-21,Bhargava Sana,LM2.md
2022-09-21,Bhargava Sana,LM1.md
2022-09-21,Bhargava Sana,Joint_Travel_Behavior.md
2022-09-21,Bhargava Sana,Joint_Conditional_Destination_Choices.md
2022-09-21,Bhargava Sana,J_Douglas_Carroll.md
2022-09-21,Bhargava Sana,Iterative_Proportional_Fitting.md
2022-09-21,Bhargava Sana,Interpolation_between_forecast_years_in_project_level_traffic_forecasting.md
2022-09-21,Bhargava Sana,Integrated_Travel_Demand_and_Network_Models.md
2022-09-21,Bhargava Sana,Inside_the_Black_Box.md
2022-09-21,Bhargava Sana,Innovations_in_Travel_Modeling.md
2022-09-21,Bhargava Sana,Including_TRB_sponsored_research.md
2022-09-21,Bhargava Sana,Impedance.md
2022-09-21,Bhargava Sana,Impacts_of_Time_of_Day_Pricing_on_Travel_Behavior_General_Findings_from_the_Port_Authority_of_New_York_and_New_Jersey_s_Initiative.md
2022-09-21,Bhargava Sana,Ideal_travel_model_standard_in_project_level_traffic_forecasting.md
2022-09-21,Bhargava Sana,Hybrid_models_in_project_level_traffic_forecasting.md
2022-09-21,Bhargava Sana,Household_travel_surveys.md
2022-09-21,Bhargava Sana,History_of_land_use_transport_modeling.md
2022-09-21,Bhargava Sana,Highway_noise_analysis_in_project_level_traffic_forecasting.md
2022-09-21,Bhargava Sana,Highway_networks.md
2022-09-21,Bhargava Sana,Highway_Research_Board_Special_Report_120_Urban_Commodity_Flow.md
2022-09-21,Bhargava Sana,Highway_Capacity_Manual.md
2022-09-21,Bhargava Sana,High_Occupancy_Toll_Lanes_Potential_for_Implementation_in_the_Atlanta_Region.md
2022-09-21,Bhargava Sana,Health_and_Transportation_Data.md
2022-09-21,Bhargava Sana,Half_lane_rule_and_extensions_in_project_level_traffic_forecasting.md
2022-09-21,Bhargava Sana,H_GAC_Activity_Based_Model_Model_Validation_Plan_Report.md
2022-09-21,Bhargava Sana,Guidelines_for_Network_Representation_of_Transit_Access_State_of_the_Practice_Summary.md
2022-09-21,Bhargava Sana,Goods_Movement_Study_in_Illinois_Application_to_Freight_Transportation_and_Logistics.md
2022-09-21,Bhargava Sana,Global_Positioning_Systems_GPS_Data.md
2022-09-21,Bhargava Sana,Georgia_Statewide_Model.md
2022-09-21,Bhargava Sana,GPS_enabled_surveys.md
2022-09-21,Bhargava Sana,GPS_Based_Pilot_Survey_of_Freight_Movements_in_the_Midwest_Region.md
2022-09-21,Bhargava Sana,Future_prospect_for_activity_based_models.md
2022-09-21,Bhargava Sana,Future_Development_of_TFR.md
2022-09-21,Bhargava Sana,Freight_modeling.md
2022-09-21,Bhargava Sana,Freight_assignment.md
2022-09-21,Bhargava Sana,Format_Testing.md
2022-09-21,Bhargava Sana,Factors_Affecting_Destination_Choice.md
2022-09-21,Bhargava Sana,External_surveys.md
2022-09-21,Bhargava Sana,Explaining_Activity_Based_Models_to_a_General_Audience.md
2022-09-21,Bhargava Sana,Example_of_an_autoregression_model_with_Box_Cox_transformation.md
2022-09-21,Bhargava Sana,Establishment_surveys.md
2022-09-21,Bhargava Sana,Errors_and_variability_in_volume_data_for_project_level_traffic_forecasts.md
2022-09-21,Bhargava Sana,Empirical_Accuracy_of_Travel_Forecasts.md
2022-09-21,Bhargava Sana,Dynamic_network_models.md
2022-09-21,Bhargava Sana,Dynamic_Traffic_Assignment.md
2022-09-21,Bhargava Sana,Documentation_standards_in_project_level_traffic_forecasting.md
2022-09-21,Bhargava Sana,Discussion_of_travel_delay_in_acceptable_models_in_project_level_traffic_forecasting.md
2022-09-21,Bhargava Sana,Development_of_Guidelines_for_TxDOT_Regional_Toll_Authority_Cooperation_and_Coordination.md
2022-09-21,Bhargava Sana,Destination_Choice_Theoretical_Foundations.md
2022-09-21,Bhargava Sana,Destination_Choice_Set_Formation.md
2022-09-21,Bhargava Sana,Destination_Choice_Parameter_Estimation.md
2022-09-21,Bhargava Sana,Destination_Choice_Models.md
2022-09-21,Bhargava Sana,Destination_Choice_Mathematical_Formulation.md
2022-09-21,Bhargava Sana,Destination_Choice_Implementation_and_Application.md
2022-09-21,Bhargava Sana,Destination_Choice_Data_Sources.md
2022-09-21,Bhargava Sana,Destination_Choice_Calibration_and_Validation.md
2022-09-21,Bhargava Sana,DestChoice_MathFormulation_Fig-1.jpg
2022-09-21,Bhargava Sana,Design_principles_of_land_use_models.md
2022-09-21,Bhargava Sana,Design_Hourly_Volume.md
2022-09-21,Bhargava Sana,Delay_Estimation_in_Trip_Based_Models.md
2022-09-21,Bhargava Sana,Data_Visualization.md
2022-09-21,Bhargava Sana,Data_Driven_Methods.md
2022-09-21,Bhargava Sana,Data_Development.md
2022-09-21,Bhargava Sana,Dallas_Case_Study.md
2022-09-21,Bhargava Sana,DTA_Primer.md
2022-09-21,Bhargava Sana,DRCOG_s_Experience_Using_its_FOCUS_Activity_Based_Model.md
2022-09-21,Bhargava Sana,Current_trends_in_travel_behavior.md
2022-09-21,Bhargava Sana,Current_Status_of_Statewide_Models.md
2022-09-21,Bhargava Sana,Count_Models.md
2022-09-21,Bhargava Sana,Contributing.md
2022-09-21,Bhargava Sana,Contributing-Dev-Instructions.md
2022-09-21,Bhargava Sana,Content_Charrette_Destination_Choice_Models.md
2022-09-21,Bhargava Sana,Content_Charrette_Autonomous_Vehicles.md
2022-09-21,Bhargava Sana,Community.md
2022-09-21,Bhargava Sana,Commercial_vehicle_surveys.md
2022-09-21,Bhargava Sana,Choicesetdepiction.png
2022-09-21,Bhargava Sana,Choice_of_techniques_in_project_level_traffic_forecasts.md
2022-09-21,Bhargava Sana,Choice_models.md
2022-09-21,Bhargava Sana,Choice_Models_with_Aggregate_Choices.md
2022-09-21,Bhargava Sana,Choice_Model_Development_in_Practice.md
2022-09-21,Bhargava Sana,Cellular_Communications_Data.md
2022-09-21,Bhargava Sana,Bypasses_in_project_level_traffic_forecasting.md
2022-09-21,Bhargava Sana,Box_Cox_transformations_in_project_level_traffic_forecasting.md
2022-09-21,Bhargava Sana,Big_Picture.md
2022-09-21,Bhargava Sana,Big_Data.md
2022-09-21,Bhargava Sana,Benefits_of_dynamic_network_models.md
2022-09-21,Bhargava Sana,Benefits_of_Activity_Based_Models.md
2022-09-21,Bhargava Sana,Average_Daily_Traffic.md
2022-09-21,Bhargava Sana,Average_Annual_Daily_Traffic.md
2022-09-21,Bhargava Sana,Autoregressive_models_in_project_forecasting.md
2022-09-21,Bhargava Sana,Autonomous_vehicles_use_cases.md
2022-09-21,Bhargava Sana,Autonomous_vehicles_planning_and_policy_context.md
2022-09-21,Bhargava Sana,Autonomous_vehicles_operation_network.md
2022-09-21,Bhargava Sana,Autonomous_vehicles_Modeling_frameworks.md
2022-09-21,Bhargava Sana,Autonomous_vehicles_Lexicon.md
2022-09-21,Bhargava Sana,Autonomous_vehicles_Forecasting.md
2022-09-21,Bhargava Sana,Autonomous_vehicles_Early_applications.md
2022-09-21,Bhargava Sana,Autonomous_vehicles_CAV_Penetration_Rates.md
2022-09-21,Bhargava Sana,Autonomous_vehicles_Behavioral_considerations.md
2022-09-21,Bhargava Sana,Autonomous_vehicles.md
2022-09-21,Bhargava Sana,Associations_Organizations_and_Committees.md
2022-09-21,Bhargava Sana,Air_quality_estimation_in_project_level_traffic_forecasting.md
2022-09-21,Bhargava Sana,Activity_based_models.md
2022-09-21,Bhargava Sana,Activity_Travel_Planning_and_Decision_Making_Behaviors.md
2022-09-21,Bhargava Sana,Activity_Based_Modeling_Primer.md
2022-09-21,Bhargava Sana,Active_transport_modeling.md
2022-09-21,Bhargava Sana,Accessibility.md
2022-09-21,Bhargava Sana,About.md
2022-09-21,Bhargava Sana,A_historical_perspective_of_innovations_in_travel_modeling.md
2022-09-21,Bhargava Sana,ARC_s_Experience_Using_its_CT_RAMP_Activity_Based_Model.md
2022-09-21,Bhargava Sana,ALBATROSS.md
2022-09-21,Bhargava Sana,7th_ITM_Conference_Atlanta_Georgia_2018.md
2022-09-21,Bhargava Sana,6th_ITM_Conference_Denver_Colorado_2016.md
2022-09-21,Bhargava Sana,3rd_TRB_Conference_on_Innovations_in_Travel_Modeling.md
2022-09-21,Bhargava Sana,2nd_TRB_Conference_on_Innovations_in_Travel_Modeling.md
2022-09-21,Bhargava Sana,2012_Household_Travel_Survey_Symposium_Conference_Summary_and_Final_Report.md
2022-09-21,Bhargava Sana,1st_TRB_Conference_on_Innovations_in_Travel_Modeling.md
2022-09-21,Bhargava Sana,00_Table_Contents.md
